Company,Ticker,Halal by Zoya, Annual Dividend per Share ,Portfolio Percentage,P/E Ratio
Microsoft Corp,MSFT,Questionable, $ 2.04 ,,
Apple Inc.,AAPL,Questionable, $ 3.28 ,,
Amazon Inc.,AMZN,Questionable, $ -   ,,
Alphabet Inc. Class A,GOOGL,Questionable, $ -   ,,
Facebook Inc. Class A,FB,Questionable, $ -   ,,
Alphabet Inc. Class C,GOOG,Questionable, $ -   ,,
Visa Inc. Class A,V,Yes, $ 1.20 ,,
Procter & Gamble Co.,PG,Yes, $ 3.16 ,,
Home Depot Inc.,HD,Yes, $ 6.00 ,,
Mastercard Inc. Class A,MA,Yes, $ 1.60 ,,
Intel Corp,INTC,Yes, $ 1.32 ,,
Adobe Inc.,ADBE,Yes, $ -   ,,
Cisco Systems Inc.,CSCO,Yes, $ 1.44 ,,
Merck & Co. Inc.,MRK,Yes, $ 2.44 ,,
Netflix Inc.,NFLX,Questionable, $ -   ,,
PepsiCo Inc.,PEP,Yes, $ 4.09 ,,
Coca-Cola Co.,KO,Yes, $ 1.64 ,,
salesforce.com Inc.,CRM,Yes, $ -   ,,
Tesla Inc.,TSLA,Yes, $ -   ,,
Abbott Laboratories,ABT,Yes, $ 1.44 ,,
Thermo Fisher Scientific Inc.,TMO,Yes, $ 0.88 ,,
Amgen Inc.,AMGN,Yes, $ 6.40 ,,
Eli Lilly & Co.,LLY,Yes, $ 2.96 ,,
Accenture plc Class A,ACN,Yes, $ 3.20 ,,
Costco Wholesale Corp.,COST,Questionable, $ 2.80 ,,
Medtronic plc,MDT,Yes, $ 2.32 ,,
Nike Inc. Class B,NKE,Yes, $ 0.98 ,,
Texas Instruments Inc.,TXN,Yes, $ 3.60 ,,
Union Pacific Corp.,UNP,Yes,,,
American Tower Corp.,AMT,Yes,,,
Linde plc,LIN,Questionable,,,
Danaher Corp.,DHR,Yes,,,
QUALCOMM Inc.,QCOM,Yes,,,
Lowe's Cos. Inc.,LOW,No,,,
Gilead Sciences Inc.,GILD,Yes,,,
Starbucks Corp.,SBUX,No,,,
CVS Health Corp.,CVS,No,,,
Fidelity National Information Services Inc.,FIS,Questionable,,,
BlackRock Inc.,BLK ,No,,,
S&P Global Inc.,SPGI,Yes,,,
United Parcel Service Inc. Class B,UPS,No,,,
ServiceNow Inc.,NOW,Yes,,,
Charter communications Inc. Class A,CHTR,No,,,
Vertex Pharmaceuticals Inc.,VRTX,Yes,,,
Intuit Inc.,INTU,Yes,,,
Mondelez International Inc. Class A,MDLZ,Yes,,,
Crown Castle International Corp.,CCI,No,,,
Prologis Inc.,PLD,Questionable,,,
Caterpillar Inc.,CAT,No,,,
Cigna Corp.,CI,No,,,
Anthem Inc.,ANTM,No,,,
Intuitive Surgical Inc.,ISRG,Yes,,,
Goldman Sachs Group Inc.,GS,No,,,
Booking Holdings Inc.,BKNG,Yes,,,
Zoetis Inc.,ZTS,Yes,,,
Becton Dickinson and Co.,BDX,No,,,
Automatic Data Processing Inc.,ADP,Yes,,,
Stryker Corp.,SYK,Yes,,,
American Express Co.,AXP,No,,,
Colgate-Palmolive Co.,CL,Yes,,,
Equinix Inc.,EQIX,Yes,,,
Advanced Micro Devices Inc.,AMD,Yes,,,
Regeneron Pharmaceuticals Inc.,REGN ,Yes,,,
TJX Cos. Inc.,TJX,Yes,,,
Target Corp.,TGT,No,,,
Activision Blizzard Inc.,ATVI,Yes,,,
CME Group Inc.,CME,No,,,
Micron Technology Inc.,MU,Yes,,,
Chubb Ltd.,CB,No,,,
Applied Materials Inc.,AMAT,Yes,,,
T-Mobile US Inc.,TMUS,No,,,
Illinois Tool Works Inc.,ITW,Yes,,,
Marsh & McLennan Cos. Inc.,MMC,No,,,
Illumina Inc.,ILMN,Yes,,,
Fiserv Inc.,FISV,No,,,
Air Products & Chemicals Inc.,APD,Yes,,,
Morgan Stanley,MS,No,,,
CSX Corp.,CSX,No,,,
Autodesk Inc.,ADSK,Yes,,,
Humana Inc.,HUM,No,,,
Truist inancial Corp.,TFC,No,,,
Global Payments Inc.,GPN,Questionable,,,
Newmont Goldcorp Corp.,NEM,Yes,,,
US Bancorp,USB,No,,,
Intercontinental Exchange Inc.,ICE,No,,,
Deere & Co.,DE,No,,,
Boston Scientific Corp.,BSX,Yes,,,
Dollar General Corp.,DG,Questionable,,,
Kimberley-Clark Corp.,KMB,Yes,,,
Sherwin-Williams Co.,SHW,Yes,,,
Lam Research Corp.,LRCX,Yes,,,
Progressive Corp.,PGR,No,,,
MercadoLibre Inc.,MELI,No,,,
Moody's Corp.,MCO,Yes,,,
Analog Devices Inc.,ADI,Yes,,,
Aon plc Class A,AON,No,,,
Waste Management Inc.,WM,Yes,,,
PNC Financial Services Group Inc.,PNC,No,,,
Baxter International Inc.,BAX,Yes,,,
Biogen Inc.,BIIB,Yes,,,
Uber Technologies Inc.,UBER,Yes,,,
Edwards Lifesciences Corp,EW,Yes,,,
Estee Lauder Cos. Inc. Class A,EL,Yes,,,
Charles Schwab Corp.,SCHW,No,,,
DuPond de Nemours Inc.,DD,No,,,
Electronic Arts Inc.,EA,Yes,,,
Digital Realty Trust Inc.,DLR,No,,,
Square Inc.,SQ,Yes,,,
DexCom Inc.,DXCM ,No,,,
General Mills Inc.,GIS,No,,,
Centene Corp.,CNC,No,,,
Lululemon Athletica Inc.,LULU,Yes,,,
eBay Inc. ,EBAY,Questionable,,,
FedEx Corp.,FDX,No,,,
Sempra Energy,SRE,No,,,
Spotify Technology SA,SPOT,Questionable,,,
SBA Communications Corp. Class A,SBAC,No,,,
NXP Semiconductors NV,NXPI,No,,,
Workday Inc. Class A,WDAY ,Yes,,,
Splunk Inc.,SPLK,Yes,,,
Veeva Systems Inc. Class A,VEEV,Yes,,,
Walgreens Boots Alliance Inc.,WBA,No,,,
Bank of New York Mellon Corp.,BK,No,,,
O'Reilly automotive Inc.,ORLY,Yes,,,
IHS Markit Ltd.,INFO,Yes,,,
DocuSign Inc. Class A,DOCU,Yes,,,
Cognizant Technology solutions Corp. Class A,CTSH,Yes,,,
Allstate corp.,ALL,No,,,
KLA Corp.,KLAC,Yes,,,
Dow Inc.,DOW,No,,,
Synopsys Inc.,SNPS,Yes,,,
Travelers Cos. Inc.,TRV,No,,,
Ross Stores Inc.,ROST,Yes,,,
Public Storage,PSA,No,,,
Chipotle Mexican Grill Inc. Class A,CMG,No,,,
IDEXX Laboratories Inc.,IDXX,Yes,,,
Capital One Financial Corp,COF,No,,,
ResMed Inc.,RMD,Yes,,,
Clorox Co.,CLX,Questionable,,,
T.Rowe Price Group Inc.,TROW,No,,,
MSCI Inc. class A,MSCI,Yes,,,
CoStar Group Inc.,CSGP,Questionable,,,
MetLife Inc.,MET,No,,,
Agilent Technologies Inc.,A,Yes,,,
Yum! Brands Inc.,YUM,No,,,
Cadence Design Systems Inc.,CDNS,Yes,,,
AutoZone Inc.,AZO,No,,,
IQVIA Holdings Inc.,IQV,No,,,
Sysco Corp.,SYY,No,,,
American Interantional Group Inc.,AIG,No,,,
Kroger Co.,KR,No,,,
Paccar Inc.,PCAR,No,,,
HCA HealthCare Inc.,HCA,No,,,
Monster Beverage Corp.,MNST,Yes,,,
HP Inc.,HPQ,Yes,,,
Rockwell Automation Inc.,ROK,Yes,,,
Willis Towers Watson plc,WLTW,No,,,
Zimmer Biomet Holdings Inc.,ZBH,No,,,
Paychex Inc.,PAYX,Yes,,,
Fastenal Co.,FAST,Yes,,,
Prudential Financial Inc.,PRU,No,,,
Johnson Controls International plc,JCI,No,,,
Aflac Inc.,AFL,No,,,
Ford motor co.,F,No,,,
Consolidated edison Inc.,ED,No,,,
Motorola Solutions Inc.,MSI,Yes,,,
Alexion Pharmaceuticals Inc.,ALXN,Yes,,,
Xilinx Inc.,XLNX,Yes,,,
Marvell Technology Group Ltd.,MRVL ,Yes,,,
American Water Works Co. Inc.,AWK,No,,,
Twitter Inc.,TWTR,No,,,
Cintas corp.,CTAS,Yes,,,
Okta Inc.,OKTA,No,,,
State Street corp.,STT,No,,,
McCormick & Co. Inc./Md,MKC,Yes,,,
BioMarin Pharmceutical Inc.,BMRN,Yes,,,
Palo Alto Networks Inc.,PANW,Yes,,,
Atlassian Corp plc Class A,TEAM,Yes,,,
AvalonBay Communities Inc.,AVB,No,,,
Dollar Tree Inc.,DLTR,No,,,
Equity Residential ,EQR,No,,,
RingCentral Inc. Class A,RNG,Yes,,,
Trane Technologies plcs,TT,Yes,,,
Welltower Inc,WELL,No,,,
Stanley Blakc & Decker Inc.,SWK,Yes,,,
Align Technology Inc.,ALGN,Yes,,,
VeriSign Inc.,VRSN,Yes,,,
Aptiv plc,APTV,Yes,,,
Skyworks Solutions Inc.,SWKS,Yes,,,
Seattle Genetics Inc.,SGEN,Yes,,,
Fortive corp.,FTV,Yes,,,
Kraft Heinz Co.,KHC,No,,,
Cerner corp.,CERN,Yes,,,
Corteva Inc,CTVA,Yes,,,
FleetCor Technologies Inc.,FLT,No,,,
PPL Corp.,PPL,No,,,
Alexandria Real Estate Equities Inc.,ARE,No,,,
Realty Income Corp.,O,No,,,
Best Buy Co. Inc.,BBY,Questionable,,,
Edison International ,EIX,No,,,
Church & Dwight Co. Inc.,CHD,Yes,,,
VF Corp.,VFC,Yes,,,
Mettler-Toledo International Inc.,MTD,Yes,,,
Hershey co.,HSY,Yes,,,
Incyte corp.,INCY,Yes,,,
Arthur J Gallagher & Co.,AJG,No,,,
First Republic Bank/CA,FRC,No,,,
MarketAxess holdings Inc.,MKTX ,No,,,
Keysight Technologies Inc. ,KEYS,Yes,,,
Ameriprise Financial Inc.,AMP,No,,,
Fortinet Inc.,FTNT,Yes,,,
Citrix Systems Inc.,CTXS,Yes,,,
Yum China Holdings Inc.,YUMC,No,,,
DR Horton Inc.,DHI,Yes,,,
Teleflex Inc.,TFX,Yes,,,
Akamai Technologies Inc.,AKAM,Yes,,,
Tyson Foods Inc. Class A,TSN,No,,,
Conagra Brands Inc.,CAG,No,,,
Old Dominion Freight Line Inc.,ODFL ,Yes,,,
Kellogg Co.,K,No,,,
TransUnion,TRU,Yes,,,
Alnylam Pharmaceuticals Inc.,ALNY,No,,,
Republic Services Inc. Class A,RSG,No,,,
Laboratory Corp. of America Holdings,LH,No,,,
Copart Inc.,CPRT,Yes,,,
LyondellBasell Industries NV Class A,LYB,No,,,
Discover Financial Services,DFS,No,,,
Take-Two Interacive software Inc.,TTWO,Yes,,,
CDW Corp./DE,CDW,Yes,,,
Quest Diagnostics Inc.,DGX,No,,,
Lennar corp. Class A,LEN,No,,,
CBRE Group Inc. Class A,CBRE,No,,,
Northern Trust Corp.,NTRS,No,,,
Vulcan Matericals Co.,VMC,Yes,,,
CardinalHealth Inc.,CAH,No,,,
Paycom Software Inc.,PAYC,Yes,,,
Invitation Homes Inc.,INVH,No,,,
Maxim Integrated Products Inc.,MXIM,Yes,,,
CarMax Inc.,KMX,No,,,
Tractor Supply Co.,TSCO,No,,,
Tiffany & Co.,TIF,Yes,,,
Hologic Inc.,HOLX,Yes,,,
Garmin Ltd.,GRMN,Yes,,,
Broadridge Financial Solutions Inc.,BR,Yes,,,
Kansas City Southern,KSU,Yes,,,
Healthpeak Properties Inc.,PEAK,No,,,
AmerisourceBergen Corp. Class A,ABC,Yes,,,
Domino's Pizza Inc.,DPZ,No,,,
Hartford Financial Services Group Inc.,HIG,No,,,
Fifth Third Bancorp,FITB,No,,,
M&T Bank Corp.,MTB,No,,,
Nasdaq Inc.,NDAQ,No,,,
WW Grainger Inc.,GWW,Yes,,,
Yandex NV Class A,YNDX,Questionable,,,
Zebra Technologies Corp.,ZBRA,Yes,,,
Mid-America Apartment Communities Inc.,MAA,No,,,
Western Digital Corp.,WDC,No,,,
Hormel Foods Corp.,HRL,No,,,
International Flavors & Fragrances Inc.,IFF,No,,,
Martin Marietta Materials Inc.,MLM,Yes,,,
STERIS plc,STE,Yes,,,
Cooper Cos. Inc.,COO,Yes,,,
Ventas Inc.,VTR,No,,,
FMC Corp.,FMC,No,,,
Qorvo Inc.,QRVO,Yes,,,
Markel Corp.,MKL,No,,,
Boston Properties Inc.,BXP,No,,,
ViacomCBS Inc. Class B,VIAC,No,,,
Dover Corp.,DOV,Yes,,,
International Paper Co.,IP,No,,,
Sun Communities Inc.,SUI,Yes,,,
Seagate Technology plc,STX ,No,,,
Exact Sciences Corp.,EXAS,Yes,,,
Genuine Parts Co.,GPC,No,,,
VMWare Inc. Class A,VMW,Yes,,,
Masco Corp.,MAS,Yes,,,
KeyCorp,KEY,No,,,
Synchrony Financial,SYF,No,,,
IDEX Corp.,IEX ,Yes,,,
Burlington Stores Inc.,BURL,No,,,
Duke Realty Corp.,DRE,Questionable,,,
Aflliant Energy corp.,LNT,No,,,
Atmos Energy Corp.,ATO,No,,,
Expeditors International of Washington Inc.,EXPD,Yes,,,
Xylem Inc./NY,XYL,Yes,,,
JM Smucker Co.,SJM,No,,,
Nucor Corp.,NUE,No,,,
GoDaddy Inc. Class A,GDDY,Yes,,,
Principal Financial Group Inc.,PFG,No,,,
Arista Networks Inc.,ANET,No,,,
Hewlett Packard Enterprise Co.,HPE,No,,,
Slack Technologies Inc. Class A,WORK,No,,,
Arch Capital Group Ltd.,ACGL,No,,,
Varian Medical Systems Inc.,VAR,Yes,,,
Expedia Group Inc.,EXPE,No,,,
E*TRADE Financial Corp.,ETFC,No,,,
SVB Financial Group,SIVB,No,,,
NortonLifeLock Inc.,NLOK,No,,,
Regions Financial Corp.,RF,No,,,
Ulta Beauty Inc.,ULTA,Yes,,,
Equity LifeStyle Properties Inc.,ELS,Questionable,,,
Trimble Inc.,TRMB,Yes,,,
Extra Space Storage Inc.,EXR,No,,,
Check Point Software Technologies Ltd.,CHKP,Yes,,,
Gartner Inc.,IT,Yes,,,
ABIOMED Inc.,ABMD,Yes,,,
Omnicom Group Inc.,OMC,No,,,
CH Robinson Worldwide Inc.,CHRW,Yes,,,
Westinghouse Air Brake Technologies Corp.,WAB,No,,,
Credicorp Ltd.,BAP,No,,,
CenturyLink Inc.,CTL,No,,,
WP Carey Inc.,WPC,No,,,
Waters Corp.,WAT,Yes,,,
Cboe Global Markets Inc.,CBOE,No,,,
NetApp Inc.,NTAP,No,,,
NVR Inc.,NVR,Yes,,,
Darden Restaurants Inc.,DRI,No,,,
Eastman Chemical Co.,EMN,No,,,
Cincinnati Financial Corp.,CINF,No,,,
Brown & Brown Inc.,BRO,No,,,
Dentsply Sirona Inc.,XRAY,Yes,,,
Avery Dennison Corp.,AVY,Yes,,,
Advance Auto Parts Inc.,AAP,No,,,
Hasbro Inc.,HAS,No,,,
AES Corp./VA,AES,No,,,
Allegion plc,ALLE,Yes,,,
Keurig Dr Pepper Inc.,KDP,No,,,
Citizens Financial Group Inc.,CFG,No,,,
TD Ameritrade HOlding Corp.,AMTD,No,,,
UDR Inc.,UDR,No,,,
CenterPoint Energy Inc.,CNP,No,,,
Packaging Corp. of America ,PKG,No,,,
Annaly Capital Management Inc.,NLY,No,,,
Lamb Weston Holdings Inc.,LW,No,,,
JB Hunt Transport Services Inc.,JBHT,Yes,,,
Fortune Brands Home & Security Inc.,FBHS,Yes,,,
Western Union Co.,WU,No,,,
Celanese Corp. Class A,CE,No,,,
PulteGroup Inc. ,PHM,No,,,
F5 Networks Inc.,FFIV,Yes,,,
NiSource Inc.,NI,No,,,
DISH Network Corp. CLass A,DISH,No,,,
Fox Corp. Class A,FOXA,No,,,
Fidelity National Financial Inc.,FNF,No,,,
Campbell Soup Co.,CPB,No,,,
Raymond James Financial Inc.,RJF,No,,,
Elanco Animal Health Inc.,ELAN,Yes,,,
Everest Re Group Ltd. ,RE,Yes,,,
RenaisanceRe HOldings Ltd.,RNR,No,,,
Amdocs Ltd.,DOX,Yes,,,
PTC Inc.,PTC,Yes,,,
Mylan NV,MYL,No,,,
Whirlpool Corp.,WHR,No,,,
WR Berkley Corp.,WRB,No,,,
Albemarle Corp.,ALB,No,,,
Zillow Group Inc.,Z,No,,,
LKQ Corp.,LKQ,No,,,
Host Hotels & Resorts Inc.,HST,No,,,
Libery Globalplc,LBTYA ,No,,,
Juniper Networks Inc.,JNPR,Yes,,,
Dell Technology Inc.,DELL,No,,,
Huntington Bancshares Inc./OH,HBAN,No,,,
Ally Financial Inc.,ALLY,No,,,
Iron Mountain Inc.,IRM,No,,,
BorgWarner Inc.,BWA,No,,,
Westrock Co.,WRK,No,,,
Vail Resorts Inc.,MTN,No,,,
Lyft Inc. Class A,LYFT,No,,,
Perigo Co. plc,PRGO,No,,,
AGNC Investment Corp.,AGNC,No,,,
Equitable Holdings Inc.,EQH,No,,,
VEREIT Inc.,VER,No,,,
Altice USA Inc. Class A,ATUS,No,,,
XPO Logistics Inc.,XPO,No,,,
Coca-Cola European Partners plc,CCEP,No,,,
Globe Life Inc.,GL,No,,,
DaVita Inc.,DVA,No,,,
Federal Realty Investment Trust,FRT,No,,,
Assurant Inc.,AIZ,No,,,
Sirius XM Holdings Inc.,SIRI,No,,,
Mohawk Industries Inc. ,MHK,No,,,
Rollins Inc.,ROL,Yes,,,
Commerce Bancshares Inc./MO,CBSH,No,,,
Robert Half International Inc.,RHI,Yes,,,
Universal Health Services Inc. Class B,UHS,No,,,
Snap-on Inc.,SNA,No,,,
CF Industries Holdints Inc.,CF,No,,,
Lincoln National Corp.,LNC,No,,,
Newell Brands Inc.,NWL,No,,,
Libery Media Corp-Liberty SiriusXM Class C,LSXMK,No,,,
Live Nation Entertainment Inc.,LYV,No,,,
Autoliv Inc.,ALV,No,,,
Arrow Electronics Inc.,ARW,No,,,
Frranklin Resources Inc.,BEN,No,,,
Zions Bancorp NA,ZION,No,,,
Alleghany Corp.,Y,No,,,
Bunge Ltd. ,BG,No,,,
Comerica Inc.,CMA,No,,,
Ingredion Inc.,INGR,No,,,
Interpublic Group of Cos. Inc.,IPG,No,,,
Kimcon Realty Corp.,KIM,No,,,
SEI Investments Co.,SEIC,No,,,
Flex Ltd.,FLEX,No,,,
Gentex Corp.,GNTX,Yes,,,
Steel Dynamics Inc.,STLD,No,,,
CDK Global Inc.,CDK,No,,,
Nielsen Holdings plc,NLSN,No,,,
Southwest Airlines Co.,LUV,No,,,
Sealed Air Corp.,SEE,No,,,
Leggett & Platt Inc.,LEG,No,,,
Old Republic International Corp.,ORI,No,,,
Aramark,ARMK,No,,,
Voya Financial Inc.,VOYA,No,,,
Herbalife Nutrition Ltd.,HLF,No,,,
MDU Resources Group Inc.,MDU,No,,,
Invesco Ltd. ,IVZ,No,,,
Mosaic Co.,M-CV ,No,,,
Libery global plc Clss A,LBTYA ,No,,,
Fox Corp. Class B,FOX,No,,,
Toll Brothers Inc.,TOL,No,,,
DXC Technology Co.,DXC,No,,,
SL Green Realty Corp.,SLG,No,,,
ManpowerGroup Inc.,MAN,No,,,
News Corp. Class A ,NWSA,No,,,
Peoples United Financial Inc.,PBCT,No,,,
Tapestry Inc.,TPR,No,,,
Acuity Brands Inc.,AYI,Yes,,,
Harley-Davidson Inc.,HOG,No,,,
Unum Group ,UNM,No,,,
PVH Gorp.,PVH,No,,,
Delta Air Lines Inc.,DAL,No,,,
Kohl's Corp,KSS,No,,,
Hanesbrands Inc.,HBI,No,,,
Xerox Holdings Corp.,XRX,No,,,
United Airlines Holdings Inc.,UAL,No,,,
Libery Media Corp-Liberty SiriusXM Class A,LSXMA,No,,,
Ralph Lauren Corp. Class A,RL,No,,,
Zillow Group Inc. Class A,ZG,No,,,
Gap Inc.,GPS,No,,,
Avangrid Inc.,AGR,No,,,
Capri Holdings Ltd.,CPRI,No,,,
Macy's Inc.,M,No,,,
Alliance Data Systems Corp.,ADS,No,,,
Under Armour Inc. Class A,UAA,No,,,
Nordstrom Inc.,JWN,No,,,
News Corp. Class B,NWS,No,,,
Park Hotels & Resorts Inc.,PK,No,,,
Under Armour Inc. Class C,UA,No,,,
American Airlines Group Inc.,AAL,No,,,
alaska Air Group Inc.,ALK,No,,,
Coty Inc. Class A,COTY,No,,,
Westlake Chemical Corp.,WLK,No,,,
Santander Consumer USA Holdings Inc.,SC,No,,,
Walt Disney Co.,DIS,No,,,
Twilio Inc. Class A,TWLO,No,,,
Verisk Analytics Inc. Class A,VRSK,No,,,
Microchip Technology Inc.,MCHP ,No,,,
McKesson Corp.,MCK,No,,,
CMS Energy Corp.,CMS,No,,,
Regency Centers Corp.,REG,No,,,
Henry Schein Inc.,HSIC,No,,,
Vornado Realty Trust,VNO,No,,,
Discovery Communications Inc.,DISCA,No,,,
Jazz Pharmaceuticals plc,JAZZ,No,,,
Lear Corp.,LEA,No,,,